pokemon_id_csv,numero_pokedex,nome_csv,nome_api,formato,observacao
1,1,Bulbasaur,bulbasaur,EXATO,
2,2,Ivysaur,ivysaur,EXATO,
3,3,Venusaur,venusaur,EXATO,
4,3,Mega Venusaur,venusaur-mega,FORMA_ALTERNATIVA,
5,4,Charmander,charmander,EXATO,
6,5,Charmeleon,charmeleon,EXATO,
7,6,Charizard,charizard,EXATO,
8,6,Mega Charizard X,charizard-mega-x,FORMA_ALTERNATIVA,
9,6,Mega Charizard Y,charizard-mega-y,FORMA_ALTERNATIVA,
10,7,Squirtle,squirtle,EXATO,
11,8,Wartortle,wartortle,EXATO,
12,9,Blastoise,blastoise,EXATO,
13,9,Mega Blastoise,blastoise-mega,FORMA_ALTERNATIVA,
14,10,Caterpie,caterpie,EXATO,
15,11,Metapod,metapod,EXATO,
16,12,Butterfree,butterfree,EXATO,
17,13,Weedle,weedle,EXATO,
18,14,Kakuna,kakuna,EXATO,
19,15,Beedrill,beedrill,EXATO,
20,15,Mega Beedrill,beedrill-mega,FORMA_ALTERNATIVA,
21,16,Pidgey,pidgey,EXATO,
22,17,Pidgeotto,pidgeotto,EXATO,
23,18,Pidgeot,pidgeot,EXATO,
24,18,Mega Pidgeot,pidgeot-mega,FORMA_ALTERNATIVA,
25,19,Rattata,rattata,EXATO,
26,20,Raticate,raticate,EXATO,
27,21,Spearow,spearow,EXATO,
28,22,Fearow,fearow,EXATO,
29,23,Ekans,ekans,EXATO,
30,24,Arbok,arbok,EXATO,
31,25,Pikachu,pikachu,EXATO,
32,26,Raichu,raichu,EXATO,
33,27,Sandshrew,sandshrew,EXATO,
34,28,Sandslash,sandslash,EXATO,
35,29,Nidoran♀,nidoran-f,FORMA_ALTERNATIVA,
36,30,Nidorina,nidorina,EXATO,
37,31,Nidoqueen,nidoqueen,EXATO,
38,32,Nidoran♂,nidoran-m,FORMA_ALTERNATIVA,
39,33,Nidorino,nidorino,EXATO,
40,34,Nidoking,nidoking,EXATO,
41,35,Clefairy,clefairy,EXATO,
42,36,Clefable,clefable,EXATO,
43,37,Vulpix,vulpix,EXATO,
44,38,Ninetales,ninetales,EXATO,
45,39,Jigglypuff,jigglypuff,EXATO,
46,40,Wigglytuff,wigglytuff,EXATO,
47,41,Zubat,zubat,EXATO,
48,42,Golbat,golbat,EXATO,
49,43,Oddish,oddish,EXATO,
50,44,Gloom,gloom,EXATO,
51,45,Vileplume,vileplume,EXATO,
52,46,Paras,paras,EXATO,
53,47,Parasect,parasect,EXATO,
54,48,Venonat,venonat,EXATO,
55,49,Venomoth,venomoth,EXATO,
56,50,Diglett,diglett,EXATO,
57,51,Dugtrio,dugtrio,EXATO,
58,52,Meowth,meowth,EXATO,
59,53,Persian,persian,EXATO,
60,54,Psyduck,psyduck,EXATO,
61,55,Golduck,golduck,EXATO,
62,56,Mankey,mankey,EXATO,
63,1,,,NAO_CONCILIADO_NOME_AUSENTE,Nome ausente no CSV (linha 63) - membro especial
64,58,Growlithe,growlithe,EXATO,
65,59,Arcanine,arcanine,EXATO,
66,60,Poliwag,poliwag,EXATO,
67,61,Poliwhirl,poliwhirl,EXATO,
68,62,Poliwrath,poliwrath,EXATO,
69,63,Abra,abra,EXATO,
70,64,Kadabra,kadabra,EXATO,
71,65,Alakazam,alakazam,EXATO,
72,65,Mega Alakazam,alakazam-mega,FORMA_ALTERNATIVA,
73,66,Machop,machop,EXATO,
74,67,Machoke,machoke,EXATO,
75,68,Machamp,machamp,EXATO,
76,69,Bellsprout,bellsprout,EXATO,
77,70,Weepinbell,weepinbell,EXATO,
78,71,Victreebel,victreebel,EXATO,
79,72,Tentacool,tentacool,EXATO,
80,73,Tentacruel,tentacruel,EXATO,
81,74,Geodude,geodude,EXATO,
82,75,Graveler,graveler,EXATO,
83,76,Golem,golem,EXATO,
84,77,Ponyta,ponyta,EXATO,
85,78,Rapidash,rapidash,EXATO,
86,79,Slowpoke,slowpoke,EXATO,
87,80,Slowbro,slowbro,EXATO,
88,80,Mega Slowbro,slowbro-mega,FORMA_ALTERNATIVA,
89,81,Magnemite,magnemite,EXATO,
90,82,Magneton,magneton,EXATO,
91,83,Farfetch'd,farfetchd,FORMA_ALTERNATIVA,
92,84,Doduo,doduo,EXATO,
93,85,Dodrio,dodrio,EXATO,
94,86,Seel,seel,EXATO,
95,87,Dewgong,dewgong,EXATO,
96,88,Grimer,grimer,EXATO,
97,89,Muk,muk,EXATO,
98,90,Shellder,shellder,EXATO,
99,91,Cloyster,cloyster,EXATO,
100,92,Gastly,gastly,EXATO,
101,93,Haunter,haunter,EXATO,
102,94,Gengar,gengar,EXATO,
103,94,Mega Gengar,gengar-mega,FORMA_ALTERNATIVA,
104,95,Onix,onix,EXATO,
105,96,Drowzee,drowzee,EXATO,
106,97,Hypno,hypno,EXATO,
107,98,Krabby,krabby,EXATO,
108,99,Kingler,kingler,EXATO,
109,100,Voltorb,voltorb,EXATO,
110,101,Electrode,electrode,EXATO,
111,102,Exeggcute,exeggcute,EXATO,
112,103,Exeggutor,exeggutor,EXATO,
113,104,Cubone,cubone,EXATO,
114,105,Marowak,marowak,EXATO,
115,106,Hitmonlee,hitmonlee,EXATO,
116,107,Hitmonchan,hitmonchan,EXATO,
117,108,Lickitung,lickitung,EXATO,
118,109,Koffing,koffing,EXATO,
119,110,Weezing,weezing,EXATO,
120,111,Rhyhorn,rhyhorn,EXATO,
121,112,Rhydon,rhydon,EXATO,
122,113,Chansey,chansey,EXATO,
123,114,Tangela,tangela,EXATO,
124,115,Kangaskhan,kangaskhan,EXATO,
125,115,Mega Kangaskhan,kangaskhan-mega,FORMA_ALTERNATIVA,
126,116,Horsea,horsea,EXATO,
127,117,Seadra,seadra,EXATO,
128,118,Goldeen,goldeen,EXATO,
129,119,Seaking,seaking,EXATO,
130,120,Staryu,staryu,EXATO,
131,121,Starmie,starmie,EXATO,
132,122,Mr. Mime,mr-mime,EXATO,
133,123,Scyther,scyther,EXATO,
134,124,Jynx,jynx,EXATO,
135,125,Electabuzz,electabuzz,EXATO,
136,126,Magmar,magmar,EXATO,
137,127,Pinsir,pinsir,EXATO,
138,127,Mega Pinsir,pinsir-mega,FORMA_ALTERNATIVA,
139,128,Tauros,tauros,EXATO,
140,129,Magikarp,magikarp,EXATO,
141,130,Gyarados,gyarados,EXATO,
142,130,Mega Gyarados,gyarados-mega,FORMA_ALTERNATIVA,
143,131,Lapras,lapras,EXATO,
144,132,Ditto,ditto,EXATO,
145,133,Eevee,eevee,EXATO,
146,134,Vaporeon,vaporeon,EXATO,
147,135,Jolteon,jolteon,EXATO,
148,136,Flareon,flareon,EXATO,
149,137,Porygon,porygon,EXATO,
150,138,Omanyte,omanyte,EXATO,
151,139,Omastar,omastar,EXATO,
152,140,Kabuto,kabuto,EXATO,
153,141,Kabutops,kabutops,EXATO,
154,142,Aerodactyl,aerodactyl,EXATO,
155,142,Mega Aerodactyl,aerodactyl-mega,FORMA_ALTERNATIVA,
156,143,Snorlax,snorlax,EXATO,
157,144,Articuno,articuno,EXATO,
158,145,Zapdos,zapdos,EXATO,
159,146,Moltres,moltres,EXATO,
160,147,Dratini,dratini,EXATO,
161,148,Dragonair,dragonair,EXATO,
162,149,Dragonite,dragonite,EXATO,
163,150,Mewtwo,mewtwo,EXATO,
164,150,Mega Mewtwo X,mewtwo-mega-x,FORMA_ALTERNATIVA,
165,150,Mega Mewtwo Y,mewtwo-mega-y,FORMA_ALTERNATIVA,
166,151,Mew,mew,EXATO,
167,152,Chikorita,chikorita,EXATO,
168,153,Bayleef,bayleef,EXATO,
169,154,Meganium,meganium,EXATO,
170,155,Cyndaquil,cyndaquil,EXATO,
171,156,Quilava,quilava,EXATO,
172,157,Typhlosion,typhlosion,EXATO,
173,158,Totodile,totodile,EXATO,
174,159,Croconaw,croconaw,EXATO,
175,160,Feraligatr,feraligatr,EXATO,
176,161,Sentret,sentret,EXATO,
177,162,Furret,furret,EXATO,
178,163,Hoothoot,hoothoot,EXATO,
179,164,Noctowl,noctowl,EXATO,
180,165,Ledyba,ledyba,EXATO,
181,166,Ledian,ledian,EXATO,
182,167,Spinarak,spinarak,EXATO,
183,168,Ariados,ariados,EXATO,
184,169,Crobat,crobat,EXATO,
185,170,Chinchou,chinchou,EXATO,
186,171,Lanturn,lanturn,EXATO,
187,172,Pichu,pichu,EXATO,
188,173,Cleffa,cleffa,EXATO,
189,174,Igglybuff,igglybuff,EXATO,
190,175,Togepi,togepi,EXATO,
191,176,Togetic,togetic,EXATO,
192,177,Natu,natu,EXATO,
193,178,Xatu,xatu,EXATO,
194,179,Mareep,mareep,EXATO,
195,180,Flaaffy,flaaffy,EXATO,
196,181,Ampharos,ampharos,EXATO,
197,181,Mega Ampharos,ampharos-mega,FORMA_ALTERNATIVA,
198,182,Bellossom,bellossom,EXATO,
199,183,Marill,marill,EXATO,
200,184,Azumarill,azumarill,EXATO,
201,185,Sudowoodo,sudowoodo,EXATO,
202,186,Politoed,politoed,EXATO,
203,187,Hoppip,hoppip,EXATO,
204,188,Skiploom,skiploom,EXATO,
205,189,Jumpluff,jumpluff,EXATO,
206,190,Aipom,aipom,EXATO,
207,191,Sunkern,sunkern,EXATO,
208,192,Sunflora,sunflora,EXATO,
209,193,Yanma,yanma,EXATO,
210,194,Wooper,wooper,EXATO,
211,195,Quagsire,quagsire,EXATO,
212,196,Espeon,espeon,EXATO,
213,197,Umbreon,umbreon,EXATO,
214,198,Murkrow,murkrow,EXATO,
215,199,Slowking,slowking,EXATO,
216,200,Misdreavus,misdreavus,EXATO,
217,201,Unown,unown,EXATO,
218,202,Wobbuffet,wobbuffet,EXATO,
219,203,Girafarig,girafarig,EXATO,
220,204,Pineco,pineco,EXATO,
221,205,Forretress,forretress,EXATO,
222,206,Dunsparce,dunsparce,EXATO,
223,207,Gligar,gligar,EXATO,
224,208,Steelix,steelix,EXATO,
225,208,Mega Steelix,steelix-mega,FORMA_ALTERNATIVA,
226,209,Snubbull,snubbull,EXATO,
227,210,Granbull,granbull,EXATO,
228,211,Qwilfish,qwilfish,EXATO,
229,212,Scizor,scizor,EXATO,
230,212,Mega Scizor,scizor-mega,FORMA_ALTERNATIVA,
231,213,Shuckle,shuckle,EXATO,
232,214,Heracross,heracross,EXATO,
233,214,Mega Heracross,heracross-mega,FORMA_ALTERNATIVA,
234,215,Sneasel,sneasel,EXATO,
235,216,Teddiursa,teddiursa,EXATO,
236,217,Ursaring,ursaring,EXATO,
237,218,Slugma,slugma,EXATO,
238,219,Magcargo,magcargo,EXATO,
239,220,Swinub,swinub,EXATO,
240,221,Piloswine,piloswine,EXATO,
241,222,Corsola,corsola,EXATO,
242,223,Remoraid,remoraid,EXATO,
243,224,Octillery,octillery,EXATO,
244,225,Delibird,delibird,EXATO,
245,226,Mantine,mantine,EXATO,
246,227,Skarmory,skarmory,EXATO,
247,228,Houndour,houndour,EXATO,
248,229,Houndoom,houndoom,EXATO,
249,229,Mega Houndoom,houndoom-mega,FORMA_ALTERNATIVA,
250,230,Kingdra,kingdra,EXATO,
251,231,Phanpy,phanpy,EXATO,
252,232,Donphan,donphan,EXATO,
253,233,Porygon2,porygon2,EXATO,
254,234,Stantler,stantler,EXATO,
255,235,Smeargle,smeargle,EXATO,
256,236,Tyrogue,tyrogue,EXATO,
257,237,Hitmontop,hitmontop,EXATO,
258,238,Smoochum,smoochum,EXATO,
259,239,Elekid,elekid,EXATO,
260,240,Magby,magby,EXATO,
261,241,Miltank,miltank,EXATO,
262,242,Blissey,blissey,EXATO,
263,243,Raikou,raikou,EXATO,
264,244,Entei,entei,EXATO,
265,245,Suicune,suicune,EXATO,
266,246,Larvitar,larvitar,EXATO,
267,247,Pupitar,pupitar,EXATO,
268,248,Tyranitar,tyranitar,EXATO,
269,248,Mega Tyranitar,tyranitar-mega,FORMA_ALTERNATIVA,
270,249,Lugia,lugia,EXATO,
271,250,Ho-oh,ho-oh,EXATO,
272,251,Celebi,celebi,EXATO,
273,252,Treecko,treecko,EXATO,
274,253,Grovyle,grovyle,EXATO,
275,254,Sceptile,sceptile,EXATO,
276,254,Mega Sceptile,sceptile-mega,FORMA_ALTERNATIVA,
277,255,Torchic,torchic,EXATO,
278,256,Combusken,combusken,EXATO,
279,257,Blaziken,blaziken,EXATO,
280,257,Mega Blaziken,blaziken-mega,FORMA_ALTERNATIVA,
281,258,Mudkip,mudkip,EXATO,
282,259,Marshtomp,marshtomp,EXATO,
283,260,Swampert,swampert,EXATO,
284,260,Mega Swampert,swampert-mega,FORMA_ALTERNATIVA,
285,261,Poochyena,poochyena,EXATO,
286,262,Mightyena,mightyena,EXATO,
287,263,Zigzagoon,zigzagoon,EXATO,
288,264,Linoone,linoone,EXATO,
289,265,Wurmple,wurmple,EXATO,
290,266,Silcoon,silcoon,EXATO,
291,267,Beautifly,beautifly,EXATO,
292,268,Cascoon,cascoon,EXATO,
293,269,Dustox,dustox,EXATO,
294,270,Lotad,lotad,EXATO,
295,271,Lombre,lombre,EXATO,
296,272,Ludicolo,ludicolo,EXATO,
297,273,Seedot,seedot,EXATO,
298,274,Nuzleaf,nuzleaf,EXATO,
299,275,Shiftry,shiftry,EXATO,
300,276,Taillow,taillow,EXATO,
301,277,Swellow,swellow,EXATO,
302,278,Wingull,wingull,EXATO,
303,279,Pelipper,pelipper,EXATO,
304,280,Ralts,ralts,EXATO,
305,281,Kirlia,kirlia,EXATO,
306,282,Gardevoir,gardevoir,EXATO,
307,282,Mega Gardevoir,gardevoir-mega,FORMA_ALTERNATIVA,
308,283,Surskit,surskit,EXATO,
309,284,Masquerain,masquerain,EXATO,
310,285,Shroomish,shroomish,EXATO,
311,286,Breloom,breloom,EXATO,
312,287,Slakoth,slakoth,EXATO,
313,288,Vigoroth,vigoroth,EXATO,
314,289,Slaking,slaking,EXATO,
315,290,Nincada,nincada,EXATO,
316,291,Ninjask,ninjask,EXATO,
317,292,Shedinja,shedinja,EXATO,
318,293,Whismur,whismur,EXATO,
319,294,Loudred,loudred,EXATO,
320,295,Exploud,exploud,EXATO,
321,296,Makuhita,makuhita,EXATO,
322,297,Hariyama,hariyama,EXATO,
323,298,Azurill,azurill,EXATO,
324,299,Nosepass,nosepass,EXATO,
325,300,Skitty,skitty,EXATO,
326,301,Delcatty,delcatty,EXATO,
327,302,Sableye,sableye,EXATO,
328,302,Mega Sableye,sableye-mega,FORMA_ALTERNATIVA,
329,303,Mawile,mawile,EXATO,
330,303,Mega Mawile,mawile-mega,FORMA_ALTERNATIVA,
331,304,Aron,aron,EXATO,
332,305,Lairon,lairon,EXATO,
333,306,Aggron,aggron,EXATO,
334,306,Mega Aggron,aggron-mega,FORMA_ALTERNATIVA,
335,307,Meditite,meditite,EXATO,
336,308,Medicham,medicham,EXATO,
337,308,Mega Medicham,medicham-mega,FORMA_ALTERNATIVA,
338,309,Electrike,electrike,EXATO,
339,310,Manectric,manectric,EXATO,
340,310,Mega Manectric,manectric-mega,FORMA_ALTERNATIVA,
341,311,Plusle,plusle,EXATO,
342,312,Minun,minun,EXATO,
343,313,Volbeat,volbeat,EXATO,
344,314,Illumise,illumise,EXATO,
345,315,Roselia,roselia,EXATO,
346,316,Gulpin,gulpin,EXATO,
347,317,Swalot,swalot,EXATO,
348,318,Carvanha,carvanha,EXATO,
349,319,Sharpedo,sharpedo,EXATO,
350,319,Mega Sharpedo,sharpedo-mega,FORMA_ALTERNATIVA,
351,320,Wailmer,wailmer,EXATO,
352,321,Wailord,wailord,EXATO,
353,322,Numel,numel,EXATO,
354,323,Camerupt,camerupt,EXATO,
355,323,Mega Camerupt,camerupt-mega,FORMA_ALTERNATIVA,
356,324,Torkoal,torkoal,EXATO,
357,325,Spoink,spoink,EXATO,
358,326,Grumpig,grumpig,EXATO,
359,327,Spinda,spinda,EXATO,
360,328,Trapinch,trapinch,EXATO,
361,329,Vibrava,vibrava,EXATO,
362,330,Flygon,flygon,EXATO,
363,331,Cacnea,cacnea,EXATO,
364,332,Cacturne,cacturne,EXATO,
365,333,Swablu,swablu,EXATO,
366,334,Altaria,altaria,EXATO,
367,334,Mega Altaria,altaria-mega,FORMA_ALTERNATIVA,
368,335,Zangoose,zangoose,EXATO,
369,336,Seviper,seviper,EXATO,
370,337,Lunatone,lunatone,EXATO,
371,338,Solrock,solrock,EXATO,
372,339,Barboach,barboach,EXATO,
373,340,Whiscash,whiscash,EXATO,
374,341,Corphish,corphish,EXATO,
375,342,Crawdaunt,crawdaunt,EXATO,
376,343,Baltoy,baltoy,EXATO,
377,344,Claydol,claydol,EXATO,
378,345,Lileep,lileep,EXATO,
379,346,Cradily,cradily,EXATO,
380,347,Anorith,anorith,EXATO,
381,348,Armaldo,armaldo,EXATO,
382,349,Feebas,feebas,EXATO,
383,350,Milotic,milotic,EXATO,
384,351,Castform,castform,EXATO,
385,352,Kecleon,kecleon,EXATO,
386,353,Shuppet,shuppet,EXATO,
387,354,Banette,banette,EXATO,
388,354,Mega Banette,banette-mega,FORMA_ALTERNATIVA,
389,355,Duskull,duskull,EXATO,
390,356,Dusclops,dusclops,EXATO,
391,357,Tropius,tropius,EXATO,
392,358,Chimecho,chimecho,EXATO,
393,359,Absol,absol,EXATO,
394,359,Mega Absol,absol-mega,FORMA_ALTERNATIVA,
395,360,Wynaut,wynaut,EXATO,
396,361,Snorunt,snorunt,EXATO,
397,362,Glalie,glalie,EXATO,
398,362,Mega Glalie,glalie-mega,FORMA_ALTERNATIVA,
399,363,Spheal,spheal,EXATO,
400,364,Sealeo,sealeo,EXATO,
401,365,Walrein,walrein,EXATO,
402,366,Clamperl,clamperl,EXATO,
403,367,Huntail,huntail,EXATO,
404,368,Gorebyss,gorebyss,EXATO,
405,369,Relicanth,relicanth,EXATO,
406,370,Luvdisc,luvdisc,EXATO,
407,371,Bagon,bagon,EXATO,
408,372,Shelgon,shelgon,EXATO,
409,373,Salamence,salamence,EXATO,
410,373,Mega Salamence,salamence-mega,FORMA_ALTERNATIVA,
411,374,Beldum,beldum,EXATO,
412,375,Metang,metang,EXATO,
413,376,Metagross,metagross,EXATO,
414,376,Mega Metagross,metagross-mega,FORMA_ALTERNATIVA,
415,377,Regirock,regirock,EXATO,
416,378,Regice,regice,EXATO,
417,379,Registeel,registeel,EXATO,
418,380,Latias,latias,EXATO,
419,380,Mega Latias,latias-mega,FORMA_ALTERNATIVA,
420,381,Latios,latios,EXATO,
421,381,Mega Latios,latios-mega,FORMA_ALTERNATIVA,
422,382,Kyogre,kyogre,EXATO,
423,382,Primal Kyogre,kyogre-primal,FORMA_ALTERNATIVA,
424,383,Groudon,groudon,EXATO,
425,383,Primal Groudon,groudon-primal,FORMA_ALTERNATIVA,
426,384,Rayquaza,rayquaza,EXATO,
427,384,Mega Rayquaza,rayquaza-mega,FORMA_ALTERNATIVA,
428,385,Jirachi,jirachi,EXATO,
429,386,Deoxys Normal Forme,deoxys-normal,FORMA_ALTERNATIVA,
430,386,DeoxysAttack Forme,deoxys-attack,FORMA_ALTERNATIVA,Exceção explícita: nome do CSV não normaliza genericamente para a PokéAPI.
431,386,Deoxys Defense Forme,deoxys-defense,FORMA_ALTERNATIVA,
432,386,Deoxys Speed Forme,deoxys-speed,FORMA_ALTERNATIVA,
433,387,Turtwig,turtwig,EXATO,
434,388,Grotle,grotle,EXATO,
435,389,Torterra,torterra,EXATO,
436,390,Chimchar,chimchar,EXATO,
437,391,Monferno,monferno,EXATO,
438,392,Infernape,infernape,EXATO,
439,393,Piplup,piplup,EXATO,
440,394,Prinplup,prinplup,EXATO,
441,395,Empoleon,empoleon,EXATO,
442,396,Starly,starly,EXATO,
443,397,Staravia,staravia,EXATO,
444,398,Staraptor,staraptor,EXATO,
445,399,Bidoof,bidoof,EXATO,
446,400,Bibarel,bibarel,EXATO,
447,401,Kricketot,kricketot,EXATO,
448,402,Kricketune,kricketune,EXATO,
449,403,Shinx,shinx,EXATO,
450,404,Luxio,luxio,EXATO,
451,405,Luxray,luxray,EXATO,
452,406,Budew,budew,EXATO,
453,407,Roserade,roserade,EXATO,
454,408,Cranidos,cranidos,EXATO,
455,409,Rampardos,rampardos,EXATO,
456,410,Shieldon,shieldon,EXATO,
457,411,Bastiodon,bastiodon,EXATO,
458,412,Burmy,burmy,EXATO,
459,413,Wormadam Plant Cloak,wormadam-plant,FORMA_ALTERNATIVA,
460,413,Wormadam Sandy Cloak,wormadam-sandy,FORMA_ALTERNATIVA,
461,413,Wormadam Trash Cloak,wormadam-trash,FORMA_ALTERNATIVA,
462,414,Mothim,mothim,EXATO,
463,415,Combee,combee,EXATO,
464,416,Vespiquen,vespiquen,EXATO,
465,417,Pachirisu,pachirisu,EXATO,
466,418,Buizel,buizel,EXATO,
467,419,Floatzel,floatzel,EXATO,
468,420,Cherubi,cherubi,EXATO,
469,421,Cherrim,cherrim,EXATO,
470,422,Shellos,shellos,EXATO,
471,423,Gastrodon,gastrodon,EXATO,
472,424,Ambipom,ambipom,EXATO,
473,425,Drifloon,drifloon,EXATO,
474,426,Drifblim,drifblim,EXATO,
475,427,Buneary,buneary,EXATO,
476,428,Lopunny,lopunny,EXATO,
477,428,Mega Lopunny,lopunny-mega,FORMA_ALTERNATIVA,
478,429,Mismagius,mismagius,EXATO,
479,430,Honchkrow,honchkrow,EXATO,
480,431,Glameow,glameow,EXATO,
481,432,Purugly,purugly,EXATO,
482,433,Chingling,chingling,EXATO,
483,434,Stunky,stunky,EXATO,
484,435,Skuntank,skuntank,EXATO,
485,436,Bronzor,bronzor,EXATO,
486,437,Bronzong,bronzong,EXATO,
487,438,Bonsly,bonsly,EXATO,
488,439,Mime Jr.,mime-jr,EXATO,
489,440,Happiny,happiny,EXATO,
490,441,Chatot,chatot,EXATO,
491,442,Spiritomb,spiritomb,EXATO,
492,443,Gible,gible,EXATO,
493,444,Gabite,gabite,EXATO,
494,445,Garchomp,garchomp,EXATO,
495,445,Mega Garchomp,garchomp-mega,FORMA_ALTERNATIVA,
496,446,Munchlax,munchlax,EXATO,
497,447,Riolu,riolu,EXATO,
498,448,Lucario,lucario,EXATO,
499,448,Mega Lucario,lucario-mega,FORMA_ALTERNATIVA,
500,449,Hippopotas,hippopotas,EXATO,
501,450,Hippowdon,hippowdon,EXATO,
502,451,Skorupi,skorupi,EXATO,
503,452,Drapion,drapion,EXATO,
504,453,Croagunk,croagunk,EXATO,
505,454,Toxicroak,toxicroak,EXATO,
506,455,Carnivine,carnivine,EXATO,
507,456,Finneon,finneon,EXATO,
508,457,Lumineon,lumineon,EXATO,
509,458,Mantyke,mantyke,EXATO,
510,459,Snover,snover,EXATO,
511,460,Abomasnow,abomasnow,EXATO,
512,460,Mega Abomasnow,abomasnow-mega,FORMA_ALTERNATIVA,
513,461,Weavile,weavile,EXATO,
514,462,Magnezone,magnezone,EXATO,
515,463,Lickilicky,lickilicky,EXATO,
516,464,Rhyperior,rhyperior,EXATO,
517,465,Tangrowth,tangrowth,EXATO,
518,466,Electivire,electivire,EXATO,
519,467,Magmortar,magmortar,EXATO,
520,468,Togekiss,togekiss,EXATO,
521,469,Yanmega,yanmega,EXATO,
522,470,Leafeon,leafeon,EXATO,
523,471,Glaceon,glaceon,EXATO,
524,472,Gliscor,gliscor,EXATO,
525,473,Mamoswine,mamoswine,EXATO,
526,474,Porygon-Z,porygon-z,EXATO,
527,475,Gallade,gallade,EXATO,
528,475,Mega Gallade,gallade-mega,FORMA_ALTERNATIVA,
529,476,Probopass,probopass,EXATO,
530,477,Dusknoir,dusknoir,EXATO,
531,478,Froslass,froslass,EXATO,
532,479,Rotom,rotom,EXATO,
533,479,Heat Rotom,rotom-heat,FORMA_ALTERNATIVA,
534,479,Wash Rotom,rotom-wash,FORMA_ALTERNATIVA,
535,479,Frost Rotom,rotom-frost,FORMA_ALTERNATIVA,
536,479,Fan Rotom,rotom-fan,FORMA_ALTERNATIVA,
537,479,Mow Rotom,rotom-mow,FORMA_ALTERNATIVA,
538,480,Uxie,uxie,EXATO,
539,481,Mesprit,mesprit,EXATO,
540,482,Azelf,azelf,EXATO,
541,483,Dialga,dialga,EXATO,
542,484,Palkia,palkia,EXATO,
543,485,Heatran,heatran,EXATO,
544,486,Regigigas,regigigas,EXATO,
545,487,Giratina Altered Forme,giratina-altered,FORMA_ALTERNATIVA,
546,487,Giratina Origin Forme,giratina-origin,FORMA_ALTERNATIVA,
547,488,Cresselia,cresselia,EXATO,
548,489,Phione,phione,EXATO,
549,490,Manaphy,manaphy,EXATO,
550,491,Darkrai,darkrai,EXATO,
551,492,Shaymin Land Forme,shaymin-land,FORMA_ALTERNATIVA,
552,492,Shaymin Sky Forme,shaymin-sky,FORMA_ALTERNATIVA,
553,493,Arceus,arceus,EXATO,
554,494,Victini,victini,EXATO,
555,495,Snivy,snivy,EXATO,
556,496,Servine,servine,EXATO,
557,497,Serperior,serperior,EXATO,
558,498,Tepig,tepig,EXATO,
559,499,Pignite,pignite,EXATO,
560,500,Emboar,emboar,EXATO,
561,501,Oshawott,oshawott,EXATO,
562,502,Dewott,dewott,EXATO,
563,503,Samurott,samurott,EXATO,
564,504,Patrat,patrat,EXATO,
565,505,Watchog,watchog,EXATO,
566,506,Lillipup,lillipup,EXATO,
567,507,Herdier,herdier,EXATO,
568,508,Stoutland,stoutland,EXATO,
569,509,Purrloin,purrloin,EXATO,
570,510,Liepard,liepard,EXATO,
571,511,Pansage,pansage,EXATO,
572,512,Simisage,simisage,EXATO,
573,513,Pansear,pansear,EXATO,
574,514,Simisear,simisear,EXATO,
575,515,Panpour,panpour,EXATO,
576,516,Simipour,simipour,EXATO,
577,517,Munna,munna,EXATO,
578,518,Musharna,musharna,EXATO,
579,519,Pidove,pidove,EXATO,
580,520,Tranquill,tranquill,EXATO,
581,521,Unfezant,unfezant,EXATO,
582,522,Blitzle,blitzle,EXATO,
583,523,Zebstrika,zebstrika,EXATO,
584,524,Roggenrola,roggenrola,EXATO,
585,525,Boldore,boldore,EXATO,
586,526,Gigalith,gigalith,EXATO,
587,527,Woobat,woobat,EXATO,
588,528,Swoobat,swoobat,EXATO,
589,529,Drilbur,drilbur,EXATO,
590,530,Excadrill,excadrill,EXATO,
591,531,Audino,audino,EXATO,
592,531,Mega Audino,audino-mega,FORMA_ALTERNATIVA,
593,532,Timburr,timburr,EXATO,
594,533,Gurdurr,gurdurr,EXATO,
595,534,Conkeldurr,conkeldurr,EXATO,
596,535,Tympole,tympole,EXATO,
597,536,Palpitoad,palpitoad,EXATO,
598,537,Seismitoad,seismitoad,EXATO,
599,538,Throh,throh,EXATO,
600,539,Sawk,sawk,EXATO,
601,540,Sewaddle,sewaddle,EXATO,
602,541,Swadloon,swadloon,EXATO,
603,542,Leavanny,leavanny,EXATO,
604,543,Venipede,venipede,EXATO,
605,544,Whirlipede,whirlipede,EXATO,
606,545,Scolipede,scolipede,EXATO,
607,546,Cottonee,cottonee,EXATO,
608,547,Whimsicott,whimsicott,EXATO,
609,548,Petilil,petilil,EXATO,
610,549,Lilligant,lilligant,EXATO,
611,550,Basculin,basculin-red-striped,FORMA_ALTERNATIVA,
612,551,Sandile,sandile,EXATO,
613,552,Krokorok,krokorok,EXATO,
614,553,Krookodile,krookodile,EXATO,
615,554,Darumaka,darumaka,EXATO,
616,555,Darmanitan Standard Mode,darmanitan-standard,FORMA_ALTERNATIVA,
617,555,Darmanitan Zen Mode,darmanitan-zen,FORMA_ALTERNATIVA,
618,556,Maractus,maractus,EXATO,
619,557,Dwebble,dwebble,EXATO,
620,558,Crustle,crustle,EXATO,
621,559,Scraggy,scraggy,EXATO,
622,560,Scrafty,scrafty,EXATO,
623,561,Sigilyph,sigilyph,EXATO,
624,562,Yamask,yamask,EXATO,
625,563,Cofagrigus,cofagrigus,EXATO,
626,564,Tirtouga,tirtouga,EXATO,
627,565,Carracosta,carracosta,EXATO,
628,566,Archen,archen,EXATO,
629,567,Archeops,archeops,EXATO,
630,568,Trubbish,trubbish,EXATO,
631,569,Garbodor,garbodor,EXATO,
632,570,Zorua,zorua,EXATO,
633,571,Zoroark,zoroark,EXATO,
634,572,Minccino,minccino,EXATO,
635,573,Cinccino,cinccino,EXATO,
636,574,Gothita,gothita,EXATO,
637,575,Gothorita,gothorita,EXATO,
638,576,Gothitelle,gothitelle,EXATO,
639,577,Solosis,solosis,EXATO,
640,578,Duosion,duosion,EXATO,
641,579,Reuniclus,reuniclus,EXATO,
642,580,Ducklett,ducklett,EXATO,
643,581,Swanna,swanna,EXATO,
644,582,Vanillite,vanillite,EXATO,
645,583,Vanillish,vanillish,EXATO,
646,584,Vanilluxe,vanilluxe,EXATO,
647,585,Deerling,deerling,EXATO,
648,586,Sawsbuck,sawsbuck,EXATO,
649,587,Emolga,emolga,EXATO,
650,588,Karrablast,karrablast,EXATO,
651,589,Escavalier,escavalier,EXATO,
652,590,Foongus,foongus,EXATO,
653,591,Amoonguss,amoonguss,EXATO,
654,592,Frillish,frillish-male,FORMA_ALTERNATIVA,
655,593,Jellicent,jellicent-male,FORMA_ALTERNATIVA,
656,594,Alomomola,alomomola,EXATO,
657,595,Joltik,joltik,EXATO,
658,596,Galvantula,galvantula,EXATO,
659,597,Ferroseed,ferroseed,EXATO,
660,598,Ferrothorn,ferrothorn,EXATO,
661,599,Klink,klink,EXATO,
662,600,Klang,klang,EXATO,
663,601,Klinklang,klinklang,EXATO,
664,602,Tynamo,tynamo,EXATO,
665,603,Eelektrik,eelektrik,EXATO,
666,604,Eelektross,eelektross,EXATO,
667,605,Elgyem,elgyem,EXATO,
668,606,Beheeyem,beheeyem,EXATO,
669,607,Litwick,litwick,EXATO,
670,608,Lampent,lampent,EXATO,
671,609,Chandelure,chandelure,EXATO,
672,610,Axew,axew,EXATO,
673,611,Fraxure,fraxure,EXATO,
674,612,Haxorus,haxorus,EXATO,
675,613,Cubchoo,cubchoo,EXATO,
676,614,Beartic,beartic,EXATO,
677,615,Cryogonal,cryogonal,EXATO,
678,616,Shelmet,shelmet,EXATO,
679,617,Accelgor,accelgor,EXATO,
680,618,Stunfisk,stunfisk,EXATO,
681,619,Mienfoo,mienfoo,EXATO,
682,620,Mienshao,mienshao,EXATO,
683,621,Druddigon,druddigon,EXATO,
684,622,Golett,golett,EXATO,
685,623,Golurk,golurk,EXATO,
686,624,Pawniard,pawniard,EXATO,
687,625,Bisharp,bisharp,EXATO,
688,626,Bouffalant,bouffalant,EXATO,
689,627,Rufflet,rufflet,EXATO,
690,628,Braviary,braviary,EXATO,
691,629,Vullaby,vullaby,EXATO,
692,630,Mandibuzz,mandibuzz,EXATO,
693,631,Heatmor,heatmor,EXATO,
694,632,Durant,durant,EXATO,
695,633,Deino,deino,EXATO,
696,634,Zweilous,zweilous,EXATO,
697,635,Hydreigon,hydreigon,EXATO,
698,636,Larvesta,larvesta,EXATO,
699,637,Volcarona,volcarona,EXATO,
700,638,Cobalion,cobalion,EXATO,
701,639,Terrakion,terrakion,EXATO,
702,640,Virizion,virizion,EXATO,
703,641,Tornadus Incarnate Forme,tornadus-incarnate,FORMA_ALTERNATIVA,
704,641,Tornadus Therian Forme,tornadus-therian,FORMA_ALTERNATIVA,
705,642,Thundurus Incarnate Forme,thundurus-incarnate,FORMA_ALTERNATIVA,
706,642,Thundurus Therian Forme,thundurus-therian,FORMA_ALTERNATIVA,
707,643,Reshiram,reshiram,EXATO,
708,644,Zekrom,zekrom,EXATO,
709,645,Landorus Incarnate Forme,landorus-incarnate,FORMA_ALTERNATIVA,
710,645,Landorus Therian Forme,landorus-therian,FORMA_ALTERNATIVA,
711,646,Kyurem,kyurem,EXATO,
712,646,Kyurem Black Kyurem,kyurem-black,FORMA_ALTERNATIVA,Exceção explícita: nome do CSV não normaliza genericamente para a PokéAPI.
713,646,Kyurem White Kyurem,kyurem-white,FORMA_ALTERNATIVA,Exceção explícita: nome do CSV não normaliza genericamente para a PokéAPI.
714,647,Keldeo Ordinary Forme,keldeo-ordinary,FORMA_ALTERNATIVA,
715,647,Keldeo Resolute Forme,keldeo-resolute,FORMA_ALTERNATIVA,
716,648,Meloetta Aria Forme,meloetta-aria,FORMA_ALTERNATIVA,
717,648,Meloetta Pirouette Forme,meloetta-pirouette,FORMA_ALTERNATIVA,
718,649,Genesect,genesect,EXATO,
719,650,Chespin,chespin,EXATO,
720,651,Quilladin,quilladin,EXATO,
721,652,Chesnaught,chesnaught,EXATO,
722,653,Fennekin,fennekin,EXATO,
723,654,Braixen,braixen,EXATO,
724,655,Delphox,delphox,EXATO,
725,656,Froakie,froakie,EXATO,
726,657,Frogadier,frogadier,EXATO,
727,658,Greninja,greninja,EXATO,
728,659,Bunnelby,bunnelby,EXATO,
729,660,Diggersby,diggersby,EXATO,
730,661,Fletchling,fletchling,EXATO,
731,662,Fletchinder,fletchinder,EXATO,
732,663,Talonflame,talonflame,EXATO,
733,664,Scatterbug,scatterbug,EXATO,
734,665,Spewpa,spewpa,EXATO,
735,666,Vivillon,vivillon,EXATO,
736,667,Litleo,litleo,EXATO,
737,668,Pyroar,pyroar-male,FORMA_ALTERNATIVA,
738,669,Flabébé,flabebe,EXATO,
739,670,Floette,floette,EXATO,
740,671,Florges,florges,EXATO,
741,672,Skiddo,skiddo,EXATO,
742,673,Gogoat,gogoat,EXATO,
743,674,Pancham,pancham,EXATO,
744,675,Pangoro,pangoro,EXATO,
745,676,Furfrou,furfrou,EXATO,
746,677,Espurr,espurr,EXATO,
747,678,Meowstic Male,meowstic-male,EXATO,
748,678,Meowstic Female,meowstic-female,EXATO,
749,679,Honedge,honedge,EXATO,
750,680,Doublade,doublade,EXATO,
751,681,Aegislash Blade Forme,aegislash-blade,FORMA_ALTERNATIVA,
752,681,Aegislash Shield Forme,aegislash-shield,FORMA_ALTERNATIVA,
753,682,Spritzee,spritzee,EXATO,
754,683,Aromatisse,aromatisse,EXATO,
755,684,Swirlix,swirlix,EXATO,
756,685,Slurpuff,slurpuff,EXATO,
757,686,Inkay,inkay,EXATO,
758,687,Malamar,malamar,EXATO,
759,688,Binacle,binacle,EXATO,
760,689,Barbaracle,barbaracle,EXATO,
761,690,Skrelp,skrelp,EXATO,
762,691,Dragalge,dragalge,EXATO,
763,692,Clauncher,clauncher,EXATO,
764,693,Clawitzer,clawitzer,EXATO,
765,694,Helioptile,helioptile,EXATO,
766,695,Heliolisk,heliolisk,EXATO,
767,696,Tyrunt,tyrunt,EXATO,
768,697,Tyrantrum,tyrantrum,EXATO,
769,698,Amaura,amaura,EXATO,
770,699,Aurorus,aurorus,EXATO,
771,700,Sylveon,sylveon,EXATO,
772,701,Hawlucha,hawlucha,EXATO,
773,702,Dedenne,dedenne,EXATO,
774,703,Carbink,carbink,EXATO,
775,704,Goomy,goomy,EXATO,
776,705,Sliggoo,sliggoo,EXATO,
777,706,Goodra,goodra,EXATO,
778,707,Klefki,klefki,EXATO,
779,708,Phantump,phantump,EXATO,
780,709,Trevenant,trevenant,EXATO,
781,710,Pumpkaboo Average Size,pumpkaboo-average,FORMA_ALTERNATIVA,
782,710,Pumpkaboo Small Size,pumpkaboo-small,FORMA_ALTERNATIVA,
783,710,Pumpkaboo Large Size,pumpkaboo-large,FORMA_ALTERNATIVA,
784,710,Pumpkaboo Super Size,pumpkaboo-super,FORMA_ALTERNATIVA,
785,711,Gourgeist Average Size,gourgeist-average,FORMA_ALTERNATIVA,
786,711,Gourgeist Small Size,gourgeist-small,FORMA_ALTERNATIVA,
787,711,Gourgeist Large Size,gourgeist-large,FORMA_ALTERNATIVA,
788,711,Gourgeist Super Size,gourgeist-super,FORMA_ALTERNATIVA,
789,712,Bergmite,bergmite,EXATO,
790,713,Avalugg,avalugg,EXATO,
791,714,Noibat,noibat,EXATO,
792,715,Noivern,noivern,EXATO,
793,716,Xerneas,xerneas,EXATO,
794,717,Yveltal,yveltal,EXATO,
795,718,Zygarde Half Forme,zygarde-50,FORMA_ALTERNATIVA,Exceção explícita: nome do CSV não normaliza genericamente para a PokéAPI.
796,719,Diancie,diancie,EXATO,
797,719,Mega Diancie,diancie-mega,FORMA_ALTERNATIVA,
798,720,Hoopa Confined,hoopa,FORMA_ALTERNATIVA,Exceção explícita: nome do CSV não normaliza genericamente para a PokéAPI.
799,720,Hoopa Unbound,hoopa-unbound,EXATO,
800,721,Volcanion,volcanion,EXATO,
